brand,models,types
 Abarth, 500, 
 Abarth, 500C, 
 Abarth, 595, 
 Abarth, 595C, 
 Abarth, 695, 
 Abarth, 695C, 
 Abarth, Grande Punto, 
 Abarth, Punto Evo, 
 AC, , 
 Acura, MDX, 
 Acura, NSX, 
 Acura, RL, 
 Acura, RSX, 
 Acura, TL, 
 Acura, TSX, 
 Aixam, City, 
 Aixam, Crossline, 
 Aixam, Roadline, 
 Aixam, Scouty R, 
 Alfa Romeo, 4C, 
 Alfa Romeo, 8C, 
 Alfa Romeo, Alfa 145, 
 Alfa Romeo, Alfa 146, 
 Alfa Romeo, Alfa 147, 
 Alfa Romeo, Alfa 155, 
 Alfa Romeo, Alfa 156, 
 Alfa Romeo, Alfa 159, 
 Alfa Romeo, Alfa 164, 
 Alfa Romeo, Alfa 166, 
 Alfa Romeo, Alfa 33, 
 Alfa Romeo, Alfa 75, 
 Alfa Romeo, Alfa 90, 
 Alfa Romeo, Alfasud, 
 Alfa Romeo, Alfetta, 
 Alfa Romeo, Brera, 
 Alfa Romeo, Crosswagon, 
 Alfa Romeo, Giulia, 
 Alfa Romeo, Giulietta, 
 Alfa Romeo, GT, 
 Alfa Romeo, GTV, 
 Alfa Romeo, Junior, 
 Alfa Romeo, MiTo, 
 Alfa Romeo, Spider, 
 Alfa Romeo, Sprint, 
 ALPINA, B10, 
 ALPINA, B12, 
 ALPINA, B3, 
 ALPINA, B4, 
 ALPINA, B5, 
 ALPINA, B6, 
 ALPINA, B7, 
 ALPINA, B8, 
 ALPINA, D 10, 
 ALPINA, D3, 
 ALPINA, D5, 
 ALPINA, Roadster S, 
 ALPINA, XD3, 
 Artega, GT, 
 Asia Motors, Rocsta, 
 Aston Martin, AR1, 
 Aston Martin, Cygnet, 
 Aston Martin, DB, 
 Aston Martin, DB7, 
 Aston Martin, DB9, 
 Aston Martin, DBS, 
 Aston Martin, Lagonda, 
 Aston Martin, Rapide, 
 Aston Martin, V12 Vantage, 
 Aston Martin, V8 Vantage, 
 Aston Martin, Vanquish, 
 Aston Martin, Virage, 
 Audi, 100, 
 Audi, 200, 
 Audi, 80, 
 Audi, 90, 
 Audi, A1, 
 Audi, A2, 
 Audi, A3, 
 Audi, A4, 
 Audi, A4 Allroad, 
 Audi, A5, 
 Audi, A6, 
 Audi, A6 Allroad, 
 Audi, A7, 
 Audi, A8, 
 Audi, Cabriolet, 
 Audi, CoupÃ©, 
 Audi, Q3, 
 Audi, Q5, 
 Audi, Q7, 
 Audi, QUATTRO, 
 Audi, R8, 
 Audi, RS2, 
 Audi, RS3, 
 Audi, RS4, 
 Audi, RS5, 
 Audi, RS6, 
 Audi, RS7, 
 Audi, RSQ3, 
 Audi, S1, 
 Audi, S2, 
 Audi, S3, 
 Audi, S4, 
 Audi, S5, 
 Audi, S6, 
 Audi, S7, 
 Audi, S8, 
 Audi, SQ5, 
 Audi, TT, TT
 Audi, TT, TT RS
 Audi, TT, TTS
 Audi, V8, 
 Austin, , 
 Austin Healey, , 
 Bentley, Arnage, 
 Bentley, Azure, 
 Bentley, Brooklands, 
 Bentley, Continental, Continental
 Bentley, Continental, Continental Flying Spur
 Bentley, Continental, Continental GT
 Bentley, Continental, Continental GTC
 Bentley, Continental, Continental Supersports
 Bentley, Eight, 
 Bentley, Flying Spur, 
 Bentley, Mulsanne, 
 Bentley, Turbo R, 
 Bentley, Turbo RT, 
 Bentley, Turbo S, 
 BMW, Series 1, 114
 BMW, Series 1, 116
 BMW, Series 1, 118
 BMW, Series 1, 120
 BMW, Series 1, 123
 BMW, Series 1, 125
 BMW, Series 1, 130
 BMW, Series 1, 135
 BMW, Series 1, 1er M CoupÃ©
 BMW, 2002, 
 BMW, Series 2, 214 Active Tourer
 BMW, Series 2, 216
 BMW, Series 2, 216 Active Tourer
 BMW, Series 2, 216 Gran Tourer
 BMW, Series 2, 218
 BMW, Series 2, 218 Active Tourer
 BMW, Series 2, 218 Gran Tourer
 BMW, Series 2, 220
 BMW, Series 2, 220 Active Tourer
 BMW, Series 2, 220 Gran Tourer
 BMW, Series 2, 225
 BMW, Series 2, 225 Active Tourer
 BMW, Series 2, 228
 BMW, Series 3, 315
 BMW, Series 3, 316
 BMW, Series 3, 318
 BMW, Series 3, 318 Gran Turismo
 BMW, Series 3, 320
 BMW, Series 3, 320 Gran Turismo
 BMW, Series 3, 323
 BMW, Series 3, 324
 BMW, Series 3, 325
 BMW, Series 3, 325 Gran Turismo
 BMW, Series 3, 328
 BMW, Series 3, 328 Gran Turismo
 BMW, Series 3, 330
 BMW, Series 3, 330 Gran Turismo
 BMW, Series 3, 335
 BMW, Series 3, 335 Gran Turismo
 BMW, Series 3, ActiveHybrid 3
 BMW, Series 4, 418 Gran CoupÃ©
 BMW, Series 4, 420
 BMW, Series 4, 420 Gran CoupÃ©
 BMW, Series 4, 425
 BMW, Series 4, 428
 BMW, Series 4, 428 Gran CoupÃ©
 BMW, Series 4, 430
 BMW, Series 4, 430 Gran CoupÃ©
 BMW, Series 4, 435
 BMW, Series 4, 435 Gran CoupÃ©
 BMW, Series 5, 518
 BMW, Series 5, 520
 BMW, Series 5, 520 Gran Turismo
 BMW, Series 5, 523
 BMW, Series 5, 524
 BMW, Series 5, 525
 BMW, Series 5, 528
 BMW, Series 5, 530
 BMW, Series 5, 530 Gran Turismo
 BMW, Series 5, 535
 BMW, Series 5, 535 Gran Turismo
 BMW, Series 5, 540
 BMW, Series 5, 545
 BMW, Series 5, 550
 BMW, Series 5, 550 Gran Turismo
 BMW, Series 5, ActiveHybrid 5
 BMW, Series 6, 628
 BMW, Series 6, 630
 BMW, Series 6, 633
 BMW, Series 6, 635
 BMW, Series 6, 640
 BMW, Series 6, 640 Gran CoupÃ©
 BMW, Series 6, 645
 BMW, Series 6, 650
 BMW, Series 6, 650 Gran CoupÃ©
 BMW, Series 7, 725
 BMW, Series 7, 728
 BMW, Series 7, 730
 BMW, Series 7, 732
 BMW, Series 7, 735
 BMW, Series 7, 740
 BMW, Series 7, 745
 BMW, Series 7, 750
 BMW, Series 7, 760
 BMW, Series 7, ActiveHybrid 7
 BMW, 840, 
 BMW, 850, 
 BMW, i3, 
 BMW, i8, 
 BMW, M Models, M135
 BMW, M Models, M235
 BMW, M Models, M3
 BMW, M Models, M4
 BMW, M Models, M5
 BMW, M Models, M550
 BMW, M Models, M6
 BMW, Series X, ActiveHybrid X6
 BMW, Series X, X1
 BMW, Series X, X3
 BMW, Series X, X4
 BMW, Series X, X5
 BMW, Series X, X5 M
 BMW, Series X, X5 M50
 BMW, Series X, X6
 BMW, Series X, X6 M
 BMW, Series X, X6 M50
 BMW, Series Z, Z1
 BMW, Series Z, Z3
 BMW, Series Z, Z3 M
 BMW, Series Z, Z4
 BMW, Series Z, Z4 M
 BMW, Series Z, Z8
 Borgward, , 
 Brilliance, BC3, 
 Brilliance, BS2, 
 Brilliance, BS4, 
 Brilliance, BS6, 
 Bugatti, EB 110, 
 Bugatti, Veyron, 
 Buick, Century, 
 Buick, Electra, 
 Buick, Enclave, 
 Buick, La Crosse, 
 Buick, Le Sabre, 
 Buick, Park Avenue, 
 Buick, Regal, 
 Buick, Riviera, 
 Buick, Roadmaster, 
 Buick, Skylark, 
 Cadillac, Allante, 
 Cadillac, ATS, 
 Cadillac, BLS, 
 Cadillac, CTS, 
 Cadillac, Deville, 
 Cadillac, Eldorado, 
 Cadillac, Escalade, 
 Cadillac, Fleetwood, 
 Cadillac, Seville, 
 Cadillac, SRX, 
 Cadillac, STS, 
 Cadillac, XLR, 
 Casalini, , 
 Caterham, , 
 Chatenet, , 
 Chevrolet, 2500, 
 Chevrolet, Alero, 
 Chevrolet, Astro, 
 Chevrolet, Avalanche, 
 Chevrolet, Aveo, 
 Chevrolet, Beretta, 
 Chevrolet, Blazer, 
 Chevrolet, C1500, 
 Chevrolet, Camaro, 
 Chevrolet, Caprice, 
 Chevrolet, Captiva, 
 Chevrolet, Cavalier, 
 Chevrolet, Chevelle, 
 Chevrolet, Chevy Van, 
 Chevrolet, Citation, 
 Chevrolet, Colorado, 
 Chevrolet, Corsica, 
 Chevrolet, Cruze, 
 Chevrolet, El Camino, 
 Chevrolet, Epica, 
 Chevrolet, Evanda, 
 Chevrolet, Express, 
 Chevrolet, G, 
 Chevrolet, HHR, 
 Chevrolet, Impala, 
 Chevrolet, K1500, 
 Chevrolet, K30, 
 Chevrolet, Kalos, 
 Chevrolet, Lacetti, 
 Chevrolet, Lumina, 
 Chevrolet, Malibu, 
 Chevrolet, Matiz, 
 Chevrolet, Nubira, 
 Chevrolet, Orlando, 
 Chevrolet, Rezzo, 
 Chevrolet, S-10, 
 Chevrolet, Silverado, 
 Chevrolet, Spark, 
 Chevrolet, SSR, 
 Chevrolet, Suburban, 
 Chevrolet, Tahoe, 
 Chevrolet, Trailblazer, 
 Chevrolet, Trans Sport, 
 Chevrolet, Trax, 
 Chevrolet, Venture, 
 Chevrolet, Volt, 
 Chrysler, 300 M, 
 Chrysler, 300C, 
 Chrysler, Aspen, 
 Chrysler, Crossfire, 
 Chrysler, Daytona, 
 Chrysler, ES, 
 Chrysler, Grand Voyager, 
 Chrysler, GS, 
 Chrysler, GTS, 
 Chrysler, Imperial, 
 Chrysler, Le Baron, 
 Chrysler, Neon, 
 Chrysler, New Yorker, 
 Chrysler, Pacifica, 
 Chrysler, PT Cruiser, 
 Chrysler, Saratoga, 
 Chrysler, Sebring, 
 Chrysler, Stratus, 
 Chrysler, Valiant, 
 Chrysler, Viper, 
 Chrysler, Vision, 
 Chrysler, Voyager, 
 CitroÃƒÂ«n, 2 CV, 
 CitroÃƒÂ«n, AX, 
 CitroÃƒÂ«n, Berlingo, 
 CitroÃƒÂ«n, BX, 
 CitroÃƒÂ«n, C-Crosser, 
 CitroÃƒÂ«n, C-ElysÃ©e, 
 CitroÃƒÂ«n, C-Zero, 
 CitroÃƒÂ«n, C1, 
 CitroÃƒÂ«n, C2, 
 CitroÃƒÂ«n, C3, 
 CitroÃƒÂ«n, C3 Picasso, 
 CitroÃƒÂ«n, C4, 
 CitroÃƒÂ«n, C4 Aircross, 
 CitroÃƒÂ«n, C4 Cactus, 
 CitroÃƒÂ«n, C4 Picasso, 
 CitroÃƒÂ«n, C5, 
 CitroÃƒÂ«n, C6, 
 CitroÃƒÂ«n, C8, 
 CitroÃƒÂ«n, CX, 
 CitroÃƒÂ«n, DS, 
 CitroÃƒÂ«n, DS3, 
 CitroÃƒÂ«n, DS4, 
 CitroÃƒÂ«n, DS5, 
 CitroÃƒÂ«n, Evasion, 
 CitroÃƒÂ«n, Grand C4 Picasso, 
 CitroÃƒÂ«n, GSA, 
 CitroÃƒÂ«n, Jumper, 
 CitroÃƒÂ«n, Jumpy, 
 CitroÃƒÂ«n, Nemo, 
 CitroÃƒÂ«n, SAXO, 
 CitroÃƒÂ«n, SM, 
 CitroÃƒÂ«n, Visa, 
 CitroÃƒÂ«n, Xantia, 
 CitroÃƒÂ«n, XM, 
 CitroÃƒÂ«n, Xsara, 
 CitroÃƒÂ«n, Xsara Picasso, 
 CitroÃƒÂ«n, ZX, 
 Cobra, , 
 Corvette, C1, 
 Corvette, C2, 
 Corvette, C3, 
 Corvette, C4, 
 Corvette, C5, 
 Corvette, C6, 
 Corvette, C7, 
 Corvette, Z06, 
 Corvette, ZR 1, 
 Dacia, Dokker, 
 Dacia, Duster, 
 Dacia, Lodgy, 
 Dacia, Logan, 
 Dacia, Logan Pick-Up, 
 Dacia, Pick Up, 
 Dacia, Sandero, 
 Daewoo, Espero, 
 Daewoo, Evanda, 
 Daewoo, Kalos, 
 Daewoo, Korando, 
 Daewoo, Lacetti, 
 Daewoo, Lanos, 
 Daewoo, Leganza, 
 Daewoo, Matiz, 
 Daewoo, Musso, 
 Daewoo, Nexia, 
 Daewoo, Nubira, 
 Daewoo, Rezzo, 
 Daewoo, Tacuma, 
 Daihatsu, Applause, 
 Daihatsu, Charade, 
 Daihatsu, Charmant, 
 Daihatsu, Copen, 
 Daihatsu, Cuore, 
 Daihatsu, Feroza/Sportrak, 
 Daihatsu, Freeclimber, 
 Daihatsu, Gran Move, 
 Daihatsu, Hijet, 
 Daihatsu, MATERIA, 
 Daihatsu, Move, 
 Daihatsu, Rocky/Fourtrak, 
 Daihatsu, Sirion, 
 Daihatsu, Terios, 
 Daihatsu, TREVIS, 
 Daihatsu, YRV, 
 DeTomaso, GuarÃ , 
 DeTomaso, Pantera, 
 Dodge, Avenger, 
 Dodge, Caliber, 
 Dodge, Challenger, 
 Dodge, Charger, 
 Dodge, Dakota, 
 Dodge, Demon, 
 Dodge, Durango, 
 Dodge, Grand Caravan, 
 Dodge, Hornet, 
 Dodge, Journey, 
 Dodge, Magnum, 
 Dodge, Neon, 
 Dodge, Nitro, 
 Dodge, RAM, 
 Dodge, Stealth, 
 Dodge, Viper, 
 Ferrari, 208, 
 Ferrari, 246, 
 Ferrari, 250, 
 Ferrari, 275, 
 Ferrari, 288, 
 Ferrari, 308, 
 Ferrari, 328, 
 Ferrari, 330, 
 Ferrari, 348, 
 Ferrari, 360, 
 Ferrari, 365, 
 Ferrari, 400, 
 Ferrari, 412, 
 Ferrari, 456, 
 Ferrari, 458, 
 Ferrari, 512, 
 Ferrari, 550, 
 Ferrari, 575, 
 Ferrari, 599 GTB, 
 Ferrari, 612, 
 Ferrari, 750, 
 Ferrari, California, 
 Ferrari, Daytona, 
 Ferrari, Dino GT4, 
 Ferrari, Enzo Ferrari, 
 Ferrari, F12, 
 Ferrari, F355, 
 Ferrari, F40, 
 Ferrari, F430, 
 Ferrari, F50, 
 Ferrari, FF, 
 Ferrari, LaFerrari, 
 Ferrari, Mondial, 
 Ferrari, Superamerica, 
 Ferrari, Testarossa, 
 Fiat, 124, 
 Fiat, 126, 
 Fiat, 127, 
 Fiat, 130, 
 Fiat, 131, 
 Fiat, 500, 
 Fiat, 500C, 
 Fiat, 500L, 
 Fiat, 500L Living, 
 Fiat, 500L Trekking, 
 Fiat, 500X, 
 Fiat, Barchetta, 
 Fiat, Brava, 
 Fiat, Bravo, 
 Fiat, Cinquecento, 
 Fiat, Coupe, 
 Fiat, Croma, 
 Fiat, Dino, 
 Fiat, Doblo, 
 Fiat, Ducato, 
 Fiat, Fiorino, 
 Fiat, Freemont, 
 Fiat, Grande Punto, 
 Fiat, Idea, 
 Fiat, Linea, 
 Fiat, Marea, 
 Fiat, Marengo, 
 Fiat, Multipla, 
 Fiat, New Panda, 
 Fiat, Palio, 
 Fiat, Panda, 
 Fiat, Punto, 
 Fiat, Punto Evo, 
 Fiat, Qubo, 
 Fiat, Regata, 
 Fiat, Ritmo, 
 Fiat, Scudo, 
 Fiat, Sedici, 
 Fiat, Seicento, 
 Fiat, Spider Europa, 
 Fiat, Stilo, 
 Fiat, Strada, 
 Fiat, Tempra, 
 Fiat, Tipo, 
 Fiat, Ulysse, 
 Fiat, Uno, 
 Fiat, X 1/9, 
 Fisker, Karma, 
 Ford, Aerostar, 
 Ford, B-Max, 
 Ford, Bronco, 
 Ford, C-Max, 
 Ford, Capri, 
 Ford, Cougar, 
 Ford, Courier, 
 Ford, Crown, 
 Ford, Econoline, 
 Ford, Econovan, 
 Ford, EcoSport, 
 Ford, Edge, 
 Ford, Escape, 
 Ford, Escort, 
 Ford, Excursion, 
 Ford, Expedition, 
 Ford, Explorer, 
 Ford, Express, 
 Ford, F 150, 
 Ford, F 250, 
 Ford, F 350, 
 Ford, Fairlane, 
 Ford, Falcon, 
 Ford, Fiesta, 
 Ford, Flex, 
 Ford, Focus, 
 Ford, Fusion, 
 Ford, Galaxy, 
 Ford, Granada, 
 Ford, Grand C-Max, 
 Ford, Grand Tourneo, 
 Ford, GT, 
 Ford, Ka, 
 Ford, Kuga, 
 Ford, Maverick, 
 Ford, Mercury, 
 Ford, Mondeo, 
 Ford, Mustang, 
 Ford, Orion, 
 Ford, Probe, 
 Ford, Puma, 
 Ford, Ranger, 
 Ford, Raptor, 
 Ford, S-Max, 
 Ford, Scorpio, 
 Ford, Sierra, 
 Ford, Sportka, 
 Ford, Streetka, 
 Ford, Taunus, 
 Ford, Taurus, 
 Ford, Thunderbird, 
 Ford, Tourneo, 
 Ford, Transit, Transit
 Ford, Transit, Transit Connect
 Ford, Transit, Transit Courier
 Ford, Transit, Transit Custom
 Ford, Windstar, 
 GAC Gonow, , 
 Gemballa, , 
 GMC, Acadia, 
 GMC, Envoy, 
 GMC, Safari, 
 GMC, Savana, 
 GMC, Sierra, 
 GMC, Sonoma, 
 GMC, Syclone, 
 GMC, Typhoon, 
 GMC, Vandura, 
 GMC, Yukon, 
 Grecav, Sonique, 
 Hamann, , 
 Holden, , 
 Honda, Accord, 
 Honda, Aerodeck, 
 Honda, Civic, 
 Honda, Concerto, 
 Honda, CR-V, 
 Honda, CR-Z, 
 Honda, CRX, 
 Honda, Element, 
 Honda, FR-V, 
 Honda, HR-V, 
 Honda, Insight, 
 Honda, Integra, 
 Honda, Jazz, 
 Honda, Legend, 
 Honda, Logo, 
 Honda, NSX, 
 Honda, Odyssey, 
 Honda, Prelude, 
 Honda, S2000, 
 Honda, Shuttle, 
 Honda, Stream, 
 Hummer, H1, 
 Hummer, H2, 
 Hummer, H3, 
 Hyundai, Accent, 
 Hyundai, Atos, 
 Hyundai, Azera, 
 Hyundai, Coupe, 
 Hyundai, Elantra, 
 Hyundai, Excel, 
 Hyundai, Galloper, 
 Hyundai, Genesis, 
 Hyundai, Getz, 
 Hyundai, Grand Santa Fe, 
 Hyundai, Grandeur, 
 Hyundai, H 100, 
 Hyundai, H 200, 
 Hyundai, H-1, 
 Hyundai, H-1 Starex, 
 Hyundai, i10, 
 Hyundai, i20, 
 Hyundai, i30, 
 Hyundai, i40, 
 Hyundai, i50, 
 Hyundai, ix20, 
 Hyundai, ix35, 
 Hyundai, ix55, 
 Hyundai, Lantra, 
 Hyundai, Matrix, 
 Hyundai, Pony, 
 Hyundai, S-Coupe, 
 Hyundai, Santa Fe, 
 Hyundai, Santamo, 
 Hyundai, Sonata, 
 Hyundai, Terracan, 
 Hyundai, Trajet, 
 Hyundai, Tucson, 
 Hyundai, Veloster, 
 Hyundai, Veracruz, 
 Hyundai, XG 30, 
 Hyundai, XG 350, 
 Infiniti, EX30, 
 Infiniti, EX35, 
 Infiniti, EX37, 
 Infiniti, FX, 
 Infiniti, G35, 
 Infiniti, G37, 
 Infiniti, M30, 
 Infiniti, M35, 
 Infiniti, M37, 
 Infiniti, Q45, 
 Infiniti, Q50, 
 Infiniti, Q60, 
 Infiniti, Q70, 
 Infiniti, QX50, 
 Infiniti, QX56, 
 Infiniti, QX70, 
 Isuzu, Campo, 
 Isuzu, D-Max, 
 Isuzu, Gemini, 
 Isuzu, Midi, 
 Isuzu, PICK UP, 
 Isuzu, Trooper, 
 Iveco, Massif, 
 Jaguar, Daimler, 
 Jaguar, E-Type, 
 Jaguar, F-Type, 
 Jaguar, MK II, 
 Jaguar, S-Type, 
 Jaguar, X-Type, 
 Jaguar, XE, 
 Jaguar, XF, 
 Jaguar, XJ, 
 Jaguar, XJ12, 
 Jaguar, XJ40, 
 Jaguar, XJ6, 
 Jaguar, XJ8, 
 Jaguar, XJR, 
 Jaguar, XJS, 
 Jaguar, XJSC, 
 Jaguar, XK, 
 Jaguar, XKR, 
 Jeep, Cherokee, 
 Jeep, CJ, 
 Jeep, Comanche, 
 Jeep, Commander, 
 Jeep, Compass, 
 Jeep, Grand Cherokee, 
 Jeep, Patriot, 
 Jeep, Renegade, 
 Jeep, Wagoneer, 
 Jeep, Willys, 
 Jeep, Wrangler, 
 Kia, Besta, 
 Kia, Borrego, 
 Kia, Carens, 
 Kia, Carnival, 
 Kia, Cerato, 
 Kia, Clarus, 
 Kia, Elan, 
 Kia, Joice, 
 Kia, K2500, 
 Kia, K2700, 
 Kia, Leo, 
 Kia, Magentis, 
 Kia, Mentor, 
 Kia, Mini, 
 Kia, Opirus, 
 Kia, Optima, 
 Kia, Picanto, 
 Kia, Pregio, 
 Kia, Pride, 
 Kia, Retona, 
 Kia, Rio, 
 Kia, Roadster, 
 Kia, Rocsta, 
 Kia, Sephia, 
 Kia, Shuma, 
 Kia, Sorento, 
 Kia, Soul, 
 Kia, Sportage, 
 Kia, Venga, 
 KÃƒÂ¶nigsegg, CCR, 
 KTM, X-BOW, 
 Lada, 110, 
 Lada, 111, 
 Lada, 112, 
 Lada, 1200, 
 Lada, 2107, 
 Lada, 2110, 
 Lada, 2111, 
 Lada, 2112, 
 Lada, Aleko, 
 Lada, Forma, 
 Lada, Granta, 
 Lada, Kalina, 
 Lada, Niva, 
 Lada, Nova, 
 Lada, Priora, 
 Lada, Samara, 
 Lamborghini, Aventador, 
 Lamborghini, Countach, 
 Lamborghini, Diablo, 
 Lamborghini, Espada, 
 Lamborghini, Gallardo, 
 Lamborghini, HuracÃ¡n, 
 Lamborghini, Jalpa, 
 Lamborghini, LM, 
 Lamborghini, Miura, 
 Lamborghini, MurciÃ©lago, 
 Lamborghini, Urraco, 
 Lancia, Beta, 
 Lancia, Dedra, 
 Lancia, Delta, 
 Lancia, Flaminia, 
 Lancia, Flavia, 
 Lancia, Fulvia, 
 Lancia, Gamma, 
 Lancia, Kappa, 
 Lancia, Lybra, 
 Lancia, MUSA, 
 Lancia, Phedra, 
 Lancia, Prisma, 
 Lancia, Stratos, 
 Lancia, Thema, 
 Lancia, Thesis, 
 Lancia, Voyager, 
 Lancia, Ypsilon, 
 Lancia, Zeta, 
 Land Rover, Defender, 
 Land Rover, Discovery, 
 Land Rover, Discovery Sport, 
 Land Rover, Freelander, 
 Land Rover, Range Rover, 
 Land Rover, Range Rover Evoque, 
 Land Rover, Range Rover Sport, 
 Land Rover, Serie I, 
 Land Rover, Serie II, 
 Land Rover, Serie III, 
 Landwind, CV-9, 
 Landwind, S, 
 Landwind, SC2, 
 Landwind, SC4, 
 Lexus, CT 200h, 
 Lexus, ES Series, ES 300
 Lexus, ES Series, ES 330
 Lexus, ES Series, ES 350
 Lexus, GS Series, GS 250
 Lexus, GS Series, GS 300
 Lexus, GS Series, GS 350
 Lexus, GS Series, GS 430
 Lexus, GS Series, GS 450
 Lexus, GS Series, GS 460
 Lexus, GX 470, 
 Lexus, IS Series, IS 200
 Lexus, IS Series, IS 220
 Lexus, IS Series, IS 250
 Lexus, IS Series, IS 300
 Lexus, IS Series, IS 350
 Lexus, IS Series, IS-F
 Lexus, LS Series, LS 400
 Lexus, LS Series, LS 430
 Lexus, LS Series, LS 460
 Lexus, LS Series, LS 600
 Lexus, LX Series, LX 470
 Lexus, LX Series, LX 570
 Lexus, NX Series, NX 200
 Lexus, NX Series, NX 300
 Lexus, RC F, 
 Lexus, RX Series, RX 300
 Lexus, RX Series, RX 330
 Lexus, RX Series, RX 350
 Lexus, RX Series, RX 400
 Lexus, RX Series, RX 450
 Lexus, SC 400, 
 Lexus, SC 430, 
 Ligier, Ambra, 
 Ligier, Be Sun, 
 Ligier, JS 50, 
 Ligier, JS 50 L, 
 Ligier, JS RC, 
 Ligier, Nova, 
 Ligier, Optima, 
 Ligier, X - Too, 
 Lincoln, Aviator, 
 Lincoln, Continental, 
 Lincoln, LS, 
 Lincoln, Mark, 
 Lincoln, Navigator, 
 Lincoln, Town Car, 
 Lotus, 340 R, 
 Lotus, Cortina, 
 Lotus, Elan, 
 Lotus, Elise, 
 Lotus, Elite, 
 Lotus, Esprit, 
 Lotus, Europa, 
 Lotus, Evora, 
 Lotus, Excel, 
 Lotus, Exige, 
 Lotus, Super Seven, 
 Mahindra, , 
 Maserati, 222, 
 Maserati, 224, 
 Maserati, 228, 
 Maserati, 3200, 
 Maserati, 418, 
 Maserati, 420, 
 Maserati, 4200, 
 Maserati, 422, 
 Maserati, 424, 
 Maserati, 430, 
 Maserati, Biturbo, 
 Maserati, Ghibli, 
 Maserati, GranCabrio, 
 Maserati, Gransport, 
 Maserati, Granturismo, 
 Maserati, Indy, 
 Maserati, Karif, 
 Maserati, MC12, 
 Maserati, Merak, 
 Maserati, Quattroporte, 
 Maserati, Shamal, 
 Maserati, Spyder, 
 Maybach, 57, 
 Maybach, 62, 
 Mazda, 121, 
 Mazda, 2, 
 Mazda, 3, 
 Mazda, 323, 
 Mazda, 5, 
 Mazda, 6, 
 Mazda, 626, 
 Mazda, 929, 
 Mazda, B series, 
 Mazda, Bongo, 
 Mazda, BT-50, 
 Mazda, CX-3, 
 Mazda, CX-5, 
 Mazda, CX-7, 
 Mazda, CX-9, 
 Mazda, Demio, 
 Mazda, E series, 
 Mazda, Millenia, 
 Mazda, MPV, 
 Mazda, MX-3, 
 Mazda, MX-5, 
 Mazda, MX-6, 
 Mazda, Premacy, 
 Mazda, Protege, 
 Mazda, RX-6, 
 Mazda, RX-7, 
 Mazda, RX-8, 
 Mazda, Tribute, 
 Mazda, Xedos, 
 McLaren, 650S CoupÃ©, 
 McLaren, 650S Spider, 
 McLaren, MP4-12C, 
 Mercedes-Benz, 190, 
 Mercedes-Benz, 200, 
 Mercedes-Benz, 220, 
 Mercedes-Benz, 230, 
 Mercedes-Benz, 240, 
 Mercedes-Benz, 250, 
 Mercedes-Benz, 260, 
 Mercedes-Benz, 270, 
 Mercedes-Benz, 280, 
 Mercedes-Benz, 290, 
 Mercedes-Benz, 300, 
 Mercedes-Benz, 320, 
 Mercedes-Benz, 350, 
 Mercedes-Benz, 380, 
 Mercedes-Benz, 400, 
 Mercedes-Benz, 416, 
 Mercedes-Benz, 420, 
 Mercedes-Benz, 450, 
 Mercedes-Benz, 500, 
 Mercedes-Benz, 560, 
 Mercedes-Benz, 600, 
 Mercedes-Benz, A-Klasse, A 140
 Mercedes-Benz, A-Klasse, A 150
 Mercedes-Benz, A-Klasse, A 160
 Mercedes-Benz, A-Klasse, A 170
 Mercedes-Benz, A-Klasse, A 180
 Mercedes-Benz, A-Klasse, A 190
 Mercedes-Benz, A-Klasse, A 200
 Mercedes-Benz, A-Klasse, A 210
 Mercedes-Benz, A-Klasse, A 220
 Mercedes-Benz, A-Klasse, A 250
 Mercedes-Benz, A-Klasse, A 45 AMG
 Mercedes-Benz, AMG GT, 
 Mercedes-Benz, AMG GT S, 
 Mercedes-Benz, B-Klasse, B 150
 Mercedes-Benz, B-Klasse, B 160
 Mercedes-Benz, B-Klasse, B 170
 Mercedes-Benz, B-Klasse, B 180
 Mercedes-Benz, B-Klasse, B 200
 Mercedes-Benz, B-Klasse, B 220
 Mercedes-Benz, B-Klasse, B 250
 Mercedes-Benz, B-Klasse, B Electric Drive
 Mercedes-Benz, C-Klasse, C 160
 Mercedes-Benz, C-Klasse, C 180
 Mercedes-Benz, C-Klasse, C 200
 Mercedes-Benz, C-Klasse, C 220
 Mercedes-Benz, C-Klasse, C 230
 Mercedes-Benz, C-Klasse, C 240
 Mercedes-Benz, C-Klasse, C 250
 Mercedes-Benz, C-Klasse, C 270
 Mercedes-Benz, C-Klasse, C 280
 Mercedes-Benz, C-Klasse, C 30 AMG
 Mercedes-Benz, C-Klasse, C 300
 Mercedes-Benz, C-Klasse, C 32 AMG
 Mercedes-Benz, C-Klasse, C 320
 Mercedes-Benz, C-Klasse, C 350
 Mercedes-Benz, C-Klasse, C 36 AMG
 Mercedes-Benz, C-Klasse, C 400
 Mercedes-Benz, C-Klasse, C 43 AMG
 Mercedes-Benz, C-Klasse, C 450 AMG
 Mercedes-Benz, C-Klasse, C 55 AMG
 Mercedes-Benz, C-Klasse, C 63 AMG
 Mercedes-Benz, CE-Klasse, CE 200
 Mercedes-Benz, CE-Klasse, CE 220
 Mercedes-Benz, CE-Klasse, CE 230
 Mercedes-Benz, CE-Klasse, CE 280
 Mercedes-Benz, CE-Klasse, CE 300
 Mercedes-Benz, CE-Klasse, CE 320
 Mercedes-Benz, Citan, 
 Mercedes-Benz, CL-Klasse, CL 160
 Mercedes-Benz, CL-Klasse, CL 180
 Mercedes-Benz, CL-Klasse, CL 200
 Mercedes-Benz, CL-Klasse, CL 220
 Mercedes-Benz, CL-Klasse, CL 230
 Mercedes-Benz, CL-Klasse, CL 320
 Mercedes-Benz, CL-Klasse, CL 420
 Mercedes-Benz, CL-Klasse, CL 500
 Mercedes-Benz, CL-Klasse, CL 55 AMG
 Mercedes-Benz, CL-Klasse, CL 600
 Mercedes-Benz, CL-Klasse, CL 63 AMG
 Mercedes-Benz, CL-Klasse, CL 65 AMG
 Mercedes-Benz, CLA-Klasse, CLA 180
 Mercedes-Benz, CLA-Klasse, CLA 200
 Mercedes-Benz, CLA-Klasse, CLA 220
 Mercedes-Benz, CLA-Klasse, CLA 250
 Mercedes-Benz, CLA-Klasse, CLA 45 AMG
 Mercedes-Benz, CLA-Klasse, CLA Shooting Brake
 Mercedes-Benz, CLC-Klasse, CLC 160
 Mercedes-Benz, CLC-Klasse, CLC 180
 Mercedes-Benz, CLC-Klasse, CLC 200
 Mercedes-Benz, CLC-Klasse, CLC 220
 Mercedes-Benz, CLC-Klasse, CLC 230
 Mercedes-Benz, CLC-Klasse, CLC 250
 Mercedes-Benz, CLC-Klasse, CLC 350
 Mercedes-Benz, CLK-Klasse, CLK 200
 Mercedes-Benz, CLK-Klasse, CLK 220
 Mercedes-Benz, CLK-Klasse, CLK 230
 Mercedes-Benz, CLK-Klasse, CLK 240
 Mercedes-Benz, CLK-Klasse, CLK 270
 Mercedes-Benz, CLK-Klasse, CLK 280
 Mercedes-Benz, CLK-Klasse, CLK 320
 Mercedes-Benz, CLK-Klasse, CLK 350
 Mercedes-Benz, CLK-Klasse, CLK 430
 Mercedes-Benz, CLK-Klasse, CLK 500
 Mercedes-Benz, CLK-Klasse, CLK 55 AMG
 Mercedes-Benz, CLK-Klasse, CLK 63 AMG
 Mercedes-Benz, CLS-Klasse, CLS 220
 Mercedes-Benz, CLS-Klasse, CLS 250
 Mercedes-Benz, CLS-Klasse, CLS 280
 Mercedes-Benz, CLS-Klasse, CLS 300
 Mercedes-Benz, CLS-Klasse, CLS 320
 Mercedes-Benz, CLS-Klasse, CLS 350
 Mercedes-Benz, CLS-Klasse, CLS 400
 Mercedes-Benz, CLS-Klasse, CLS 500
 Mercedes-Benz, CLS-Klasse, CLS 55 AMG
 Mercedes-Benz, CLS-Klasse, CLS 63 AMG
 Mercedes-Benz, CLS-Klasse, CLS Shooting Brake
 Mercedes-Benz, E-Klasse, E 200
 Mercedes-Benz, E-Klasse, E 220
 Mercedes-Benz, E-Klasse, E 230
 Mercedes-Benz, E-Klasse, E 240
 Mercedes-Benz, E-Klasse, E 250
 Mercedes-Benz, E-Klasse, E 260
 Mercedes-Benz, E-Klasse, E 270
 Mercedes-Benz, E-Klasse, E 280
 Mercedes-Benz, E-Klasse, E 290
 Mercedes-Benz, E-Klasse, E 300
 Mercedes-Benz, E-Klasse, E 320
 Mercedes-Benz, E-Klasse, E 350
 Mercedes-Benz, E-Klasse, E 36 AMG
 Mercedes-Benz, E-Klasse, E 400
 Mercedes-Benz, E-Klasse, E 420
 Mercedes-Benz, E-Klasse, E 430
 Mercedes-Benz, E-Klasse, E 50
 Mercedes-Benz, E-Klasse, E 500
 Mercedes-Benz, E-Klasse, E 55 AMG
 Mercedes-Benz, E-Klasse, E 60 AMG
 Mercedes-Benz, E-Klasse, E 63 AMG
 Mercedes-Benz, G-Klasse, G 230
 Mercedes-Benz, G-Klasse, G 240
 Mercedes-Benz, G-Klasse, G 250
 Mercedes-Benz, G-Klasse, G 270
 Mercedes-Benz, G-Klasse, G 280
 Mercedes-Benz, G-Klasse, G 290
 Mercedes-Benz, G-Klasse, G 300
 Mercedes-Benz, G-Klasse, G 320
 Mercedes-Benz, G-Klasse, G 350
 Mercedes-Benz, G-Klasse, G 400
 Mercedes-Benz, G-Klasse, G 500
 Mercedes-Benz, G-Klasse, G 55 AMG
 Mercedes-Benz, G-Klasse, G 63 AMG
 Mercedes-Benz, G-Klasse, G 65 AMG
 Mercedes-Benz, GL-Klasse, GL 320
 Mercedes-Benz, GL-Klasse, GL 350
 Mercedes-Benz, GL-Klasse, GL 400
 Mercedes-Benz, GL-Klasse, GL 420
 Mercedes-Benz, GL-Klasse, GL 450
 Mercedes-Benz, GL-Klasse, GL 500
 Mercedes-Benz, GL-Klasse, GL 55 AMG
 Mercedes-Benz, GL-Klasse, GL 63 AMG
 Mercedes-Benz, GLA-Klasse, GLA 180
 Mercedes-Benz, GLA-Klasse, GLA 200
 Mercedes-Benz, GLA-Klasse, GLA 220
 Mercedes-Benz, GLA-Klasse, GLA 250
 Mercedes-Benz, GLA-Klasse, GLA 45 AMG
 Mercedes-Benz, GLE 450 AMG, 
 Mercedes-Benz, GLK-Klasse, GLK 200
 Mercedes-Benz, GLK-Klasse, GLK 220
 Mercedes-Benz, GLK-Klasse, GLK 250
 Mercedes-Benz, GLK-Klasse, GLK 280
 Mercedes-Benz, GLK-Klasse, GLK 300
 Mercedes-Benz, GLK-Klasse, GLK 320
 Mercedes-Benz, GLK-Klasse, GLK 350
 Mercedes-Benz, MB 100, 
 Mercedes-Benz, ML-Klasse, ML 230
 Mercedes-Benz, ML-Klasse, ML 250
 Mercedes-Benz, ML-Klasse, ML 270
 Mercedes-Benz, ML-Klasse, ML 280
 Mercedes-Benz, ML-Klasse, ML 300
 Mercedes-Benz, ML-Klasse, ML 320
 Mercedes-Benz, ML-Klasse, ML 350
 Mercedes-Benz, ML-Klasse, ML 400
 Mercedes-Benz, ML-Klasse, ML 420
 Mercedes-Benz, ML-Klasse, ML 430
 Mercedes-Benz, ML-Klasse, ML 450
 Mercedes-Benz, ML-Klasse, ML 500
 Mercedes-Benz, ML-Klasse, ML 55 AMG
 Mercedes-Benz, ML-Klasse, ML 63 AMG
 Mercedes-Benz, R-Klasse, R 280
 Mercedes-Benz, R-Klasse, R 300
 Mercedes-Benz, R-Klasse, R 320
 Mercedes-Benz, R-Klasse, R 350
 Mercedes-Benz, R-Klasse, R 500
 Mercedes-Benz, R-Klasse, R 63 AMG
 Mercedes-Benz, S-Klasse, S 250
 Mercedes-Benz, S-Klasse, S 260
 Mercedes-Benz, S-Klasse, S 280
 Mercedes-Benz, S-Klasse, S 300
 Mercedes-Benz, S-Klasse, S 320
 Mercedes-Benz, S-Klasse, S 350
 Mercedes-Benz, S-Klasse, S 400
 Mercedes-Benz, S-Klasse, S 420
 Mercedes-Benz, S-Klasse, S 430
 Mercedes-Benz, S-Klasse, S 450
 Mercedes-Benz, S-Klasse, S 500
 Mercedes-Benz, S-Klasse, S 55
 Mercedes-Benz, S-Klasse, S 550
 Mercedes-Benz, S-Klasse, S 600
 Mercedes-Benz, S-Klasse, S 63 AMG
 Mercedes-Benz, S-Klasse, S 65 AMG
 Mercedes-Benz, SL-Klasse, SL 280
 Mercedes-Benz, SL-Klasse, SL 300
 Mercedes-Benz, SL-Klasse, SL 320
 Mercedes-Benz, SL-Klasse, SL 350
 Mercedes-Benz, SL-Klasse, SL 380
 Mercedes-Benz, SL-Klasse, SL 400
 Mercedes-Benz, SL-Klasse, SL 420
 Mercedes-Benz, SL-Klasse, SL 450
 Mercedes-Benz, SL-Klasse, SL 500
 Mercedes-Benz, SL-Klasse, SL 55 AMG
 Mercedes-Benz, SL-Klasse, SL 560
 Mercedes-Benz, SL-Klasse, SL 60 AMG
 Mercedes-Benz, SL-Klasse, SL 600
 Mercedes-Benz, SL-Klasse, SL 63 AMG
 Mercedes-Benz, SL-Klasse, SL 65 AMG
 Mercedes-Benz, SL-Klasse, SL 70 AMG
 Mercedes-Benz, SL-Klasse, SL 73 AMG
 Mercedes-Benz, SLK-Klasse, SLK 200
 Mercedes-Benz, SLK-Klasse, SLK 230
 Mercedes-Benz, SLK-Klasse, SLK 250
 Mercedes-Benz, SLK-Klasse, SLK 280
 Mercedes-Benz, SLK-Klasse, SLK 300
 Mercedes-Benz, SLK-Klasse, SLK 32 AMG
 Mercedes-Benz, SLK-Klasse, SLK 320
 Mercedes-Benz, SLK-Klasse, SLK 350
 Mercedes-Benz, SLK-Klasse, SLK 55 AMG
 Mercedes-Benz, SLR, 
 Mercedes-Benz, SLS AMG, 
 Mercedes-Benz, Sprinter, 
 Mercedes-Benz, V-Klasse, V 200
 Mercedes-Benz, V-Klasse, V 220
 Mercedes-Benz, V-Klasse, V 230
 Mercedes-Benz, V-Klasse, V 250
 Mercedes-Benz, V-Klasse, V 280
 Mercedes-Benz, Vaneo, 
 Mercedes-Benz, Vario, 
 Mercedes-Benz, Viano, 
 Mercedes-Benz, Vito, 
 MG, MGA, 
 MG, MGB, 
 MG, MGF, 
 MG, Midget, 
 MG, Montego, 
 MG, TD, 
 MG, TF, 
 MG, ZR, 
 MG, ZS, 
 MG, ZT, 
 Microcar, DUÃˆ, 
 Microcar, Flex, 
 Microcar, M.Go, 
 Microcar, M-8, 
 Microcar, MC1, 
 Microcar, MC2, 
 MINI, Cabrio Series, Cooper Cabrio
 MINI, Cabrio Series, Cooper D Cabrio
 MINI, Cabrio Series, Cooper S Cabrio
 MINI, Cabrio Series, Cooper SD Cabrio
 MINI, Cabrio Series, John Cooper Works Cabrio
 MINI, Cabrio Series, One Cabrio
 MINI, Clubman Series, Cooper Clubman
 MINI, Clubman Series, Cooper D Clubman
 MINI, Clubman Series, Cooper S Clubman
 MINI, Clubman Series, Cooper SD Clubman
 MINI, Clubman Series, John Cooper Works Clubman
 MINI, Clubman Series, One Clubman
 MINI, Clubman Series, One D Clubman
 MINI, Clubvan, 
 MINI, Countryman Series, Cooper Countryman
 MINI, Countryman Series, Cooper D Countryman
 MINI, Countryman Series, Cooper S Countryman
 MINI, Countryman Series, Cooper SD Countryman
 MINI, Countryman Series, John Cooper Works Countryman
 MINI, Countryman Series, One Countryman
 MINI, Countryman Series, One D Countryman
 MINI, Coupe Series, Cooper CoupÃ©
 MINI, Coupe Series, Cooper S CoupÃ©
 MINI, Coupe Series, Cooper SD CoupÃ©
 MINI, Coupe Series, John Cooper Works CoupÃ©
 MINI, MINI, 1000
 MINI, MINI, 1300
 MINI, MINI, Cooper
 MINI, MINI, Cooper D
 MINI, MINI, Cooper S
 MINI, MINI, Cooper SD
 MINI, MINI, John Cooper Works
 MINI, MINI, ONE
 MINI, MINI, One D
 MINI, Paceman Series, Cooper D Paceman
 MINI, Paceman Series, Cooper Paceman
 MINI, Paceman Series, Cooper S Paceman
 MINI, Paceman Series, Cooper SD Paceman
 MINI, Paceman Series, John Cooper Works Paceman
 MINI, Roadster Series, Cooper Roadster
 MINI, Roadster Series, Cooper S Roadster
 MINI, Roadster Series, Cooper SD Roadster
 MINI, Roadster Series, John Cooper Works Roadster
 Mitsubishi, 3000 GT, 
 Mitsubishi, ASX, 
 Mitsubishi, Canter, 
 Mitsubishi, Carisma, 
 Mitsubishi, Colt, 
 Mitsubishi, Cordia, 
 Mitsubishi, Cosmos, 
 Mitsubishi, Diamante, 
 Mitsubishi, Eclipse, 
 Mitsubishi, Galant, 
 Mitsubishi, Galloper, 
 Mitsubishi, Grandis, 
 Mitsubishi, Electric Vehicle i-MiEV, 
 Mitsubishi, L200, 
 Mitsubishi, L300, 
 Mitsubishi, L400, 
 Mitsubishi, Lancer, 
 Mitsubishi, Mirage, 
 Mitsubishi, Montero, 
 Mitsubishi, Outlander, 
 Mitsubishi, Pajero, 
 Mitsubishi, Pajero Pinin, 
 Mitsubishi, Pick-up, 
 Mitsubishi, Plug-in Hybrid Outlander, 
 Mitsubishi, Santamo, 
 Mitsubishi, Sapporo, 
 Mitsubishi, Sigma, 
 Mitsubishi, Space Gear, 
 Mitsubishi, Space Runner, 
 Mitsubishi, Space Star, 
 Mitsubishi, Space Wagon, 
 Mitsubishi, Starion, 
 Mitsubishi, Tredia, 
 Morgan, 4/4, 
 Morgan, Aero 8, 
 Morgan, Plus 4, 
 Morgan, Plus 8, 
 Morgan, Roadster, 
 Nissan, 100 NX, 
 Nissan, 200 SX, 
 Nissan, 240 SX, 
 Nissan, 280 ZX, 
 Nissan, 300 ZX, 
 Nissan, 350Z, 
 Nissan, 370Z, 
 Nissan, Almera, 
 Nissan, Almera Tino, 
 Nissan, Altima, 
 Nissan, Armada, 
 Nissan, Bluebird, 
 Nissan, Cabstar, 
 Nissan, Cargo, 
 Nissan, Cherry, 
 Nissan, Cube, 
 Nissan, e-NV200, 
 Nissan, Evalia, 
 Nissan, Frontier, 
 Nissan, GT-R, 
 Nissan, Interstar, 
 Nissan, Juke, 
 Nissan, King Cab, 
 Nissan, Kubistar, 
 Nissan, Laurel, 
 Nissan, Leaf, 
 Nissan, Maxima, 
 Nissan, Micra, 
 Nissan, Murano, 
 Nissan, Navara, 
 Nissan, Note, 
 Nissan, NP 300, 
 Nissan, NV200, 
 Nissan, NV400, 
 Nissan, Pathfinder, 
 Nissan, Patrol, 
 Nissan, PickUp, 
 Nissan, Pixo, 
 Nissan, Prairie, 
 Nissan, Primastar, 
 Nissan, Primera, 
 Nissan, Pulsar, 
 Nissan, Qashqai, 
 Nissan, Qashqai+2, 
 Nissan, Quest, 
 Nissan, Sentra, 
 Nissan, Serena, 
 Nissan, Silvia, 
 Nissan, Skyline, 
 Nissan, Sunny, 
 Nissan, Terrano, 
 Nissan, Tiida, 
 Nissan, Titan, 
 Nissan, Trade, 
 Nissan, Urvan, 
 Nissan, Vanette, 
 Nissan, X-Trail, 
 NSU, , 
 Oldsmobile, Bravada, 
 Oldsmobile, Custom Cruiser, 
 Oldsmobile, Cutlass, 
 Oldsmobile, Delta 88, 
 Oldsmobile, Silhouette, 
 Oldsmobile, Supreme, 
 Oldsmobile, Toronado, 
 Opel, Adam, 
 Opel, Agila, 
 Opel, Ampera, 
 Opel, Antara, 
 Opel, Arena, 
 Opel, Ascona, 
 Opel, Astra, 
 Opel, Calibra, 
 Opel, Campo, 
 Opel, Cascada, 
 Opel, Cavalier, 
 Opel, Combo, 
 Opel, Commodore, 
 Opel, Corsa, 
 Opel, Diplomat, 
 Opel, Frontera, 
 Opel, GT, 
 Opel, Insignia, 
 Opel, Insignia CT, 
 Opel, Kadett, 
 Opel, Karl, 
 Opel, Manta, 
 Opel, Meriva, 
 Opel, Mokka, 
 Opel, Monterey, 
 Opel, Monza, 
 Opel, Movano, 
 Opel, Nova, 
 Opel, Omega, 
 Opel, Pick Up Sportscap, 
 Opel, Rekord, 
 Opel, Senator, 
 Opel, Signum, 
 Opel, Sintra, 
 Opel, Speedster, 
 Opel, Tigra, 
 Opel, Vectra, 
 Opel, Vivaro, 
 Opel, Zafira, 
 Opel, Zafira Tourer, 
 Pagani, , 
 Peugeot, 1007, 
 Peugeot, 104, 
 Peugeot, 106, 
 Peugeot, 107, 
 Peugeot, 108, 
 Peugeot, 2008, 
 Peugeot, 204, 
 Peugeot, 205, 
 Peugeot, 206, 
 Peugeot, 207, 
 Peugeot, 208, 
 Peugeot, 3008, 
 Peugeot, 301, 
 Peugeot, 304, 
 Peugeot, 305, 
 Peugeot, 306, 
 Peugeot, 307, 
 Peugeot, 308, 
 Peugeot, 309, 
 Peugeot, 4007, 
 Peugeot, 4008, 
 Peugeot, 404, 
 Peugeot, 405, 
 Peugeot, 406, 
 Peugeot, 407, 
 Peugeot, 5008, 
 Peugeot, 504, 
 Peugeot, 505, 
 Peugeot, 508, 
 Peugeot, 604, 
 Peugeot, 605, 
 Peugeot, 607, 
 Peugeot, 806, 
 Peugeot, 807, 
 Peugeot, Bipper, 
 Peugeot, Bipper Tepee, 
 Peugeot, Boxer, 
 Peugeot, Expert, 
 Peugeot, Expert Tepee, 
 Peugeot, iOn, 
 Peugeot, J5, 
 Peugeot, Partner, 
 Peugeot, Partner Tepee, 
 Peugeot, RCZ, 
 Peugeot, TePee, 
 Piaggio, APE, 
 Piaggio, APE TM, 
 Piaggio, Porter, 
 Plymouth, Prowler, 
 Pontiac, 6000, 
 Pontiac, Bonneville, 
 Pontiac, Fiero, 
 Pontiac, Firebird, 
 Pontiac, G6, 
 Pontiac, Grand-Am, 
 Pontiac, Grand-Prix, 
 Pontiac, GTO, 
 Pontiac, Montana, 
 Pontiac, Solstice, 
 Pontiac, Sunbird, 
 Pontiac, Sunfire, 
 Pontiac, Targa, 
 Pontiac, Trans Am, 
 Pontiac, Trans Sport, 
 Pontiac, Vibe, 
 Porsche, 356, 
 Porsche, 911, 911
 Porsche, 911, 930
 Porsche, 911, 964
 Porsche, 911, 991
 Porsche, 911, 993
 Porsche, 911, 996
 Porsche, 911, 997
 Porsche, 912, 
 Porsche, 914, 
 Porsche, 918, 
 Porsche, 924, 
 Porsche, 928, 
 Porsche, 944, 
 Porsche, 959, 
 Porsche, 962, 
 Porsche, 968, 
 Porsche, Boxster, 
 Porsche, Carrera GT, 
 Porsche, Cayenne, 
 Porsche, Cayman, 
 Porsche, Macan, 
 Porsche, Panamera, 
 Proton, 300 Serie, 
 Proton, 400 Serie, 
 Renault, Alpine A110, 
 Renault, Alpine A310, 
 Renault, Alpine V6, 
 Renault, Avantime, 
 Renault, Captur, 
 Renault, Clio, 
 Renault, Coupe, 
 Renault, Espace, 
 Renault, Express, 
 Renault, Fluence, 
 Renault, Fuego, 
 Renault, Grand Espace, 
 Renault, Grand Modus, 
 Renault, Grand Scenic, 
 Renault, Kadjar, 
 Renault, Kangoo, 
 Renault, Koleos, 
 Renault, Laguna, 
 Renault, Latitude, 
 Renault, Mascott, 
 Renault, Master, 
 Renault, Megane, 
 Renault, Modus, 
 Renault, P 1400, 
 Renault, R 11, 
 Renault, R 14, 
 Renault, R 18, 
 Renault, R 19, 
 Renault, R 20, 
 Renault, R 21, 
 Renault, R 25, 
 Renault, R 30, 
 Renault, R 4, 
 Renault, R 5, 
 Renault, R 6, 
 Renault, R 9, 
 Renault, Rapid, 
 Renault, Safrane, 
 Renault, Scenic, 
 Renault, Spider, 
 Renault, Trafic, 
 Renault, Twingo, 
 Renault, Twizy, 
 Renault, Vel Satis, 
 Renault, Wind, 
 Renault, ZOE, 
 Rolls-Royce, Corniche, 
 Rolls-Royce, Flying Spur, 
 Rolls-Royce, Ghost, 
 Rolls-Royce, Park Ward, 
 Rolls-Royce, Phantom, 
 Rolls-Royce, Silver Cloud, 
 Rolls-Royce, Silver Dawn, 
 Rolls-Royce, Silver Seraph, 
 Rolls-Royce, Silver Shadow, 
 Rolls-Royce, Silver Spirit, 
 Rolls-Royce, Silver Spur, 
 Rolls-Royce, Wraith, 
 Rover, 100, 
 Rover, 111, 
 Rover, 114, 
 Rover, 115, 
 Rover, 200, 
 Rover, 213, 
 Rover, 214, 
 Rover, 216, 
 Rover, 218, 
 Rover, 220, 
 Rover, 25, 
 Rover, 400, 
 Rover, 414, 
 Rover, 416, 
 Rover, 418, 
 Rover, 420, 
 Rover, 45, 
 Rover, 600, 
 Rover, 618, 
 Rover, 620, 
 Rover, 623, 
 Rover, 75, 
 Rover, 800, 
 Rover, 820, 
 Rover, 825, 
 Rover, 827, 
 Rover, City Rover, 
 Rover, Metro, 
 Rover, Montego, 
 Rover, SD, 
 Rover, Streetwise, 
 Ruf, , 
 Saab, 9-3, 
 Saab, 9-4X, 
 Saab, 9-5, 
 Saab, 9-7X, 
 Saab, 90, 
 Saab, 900, 
 Saab, 9000, 
 Saab, 96, 
 Saab, 99, 
 Santana, , 
 Seat, Alhambra, 
 Seat, Altea, 
 Seat, Arosa, 
 Seat, Cordoba, 
 Seat, Exeo, 
 Seat, Ibiza, 
 Seat, Inca, 
 Seat, Leon, 
 Seat, Malaga, 
 Seat, Marbella, 
 Seat, Mii, 
 Seat, Terra, 
 Seat, Toledo, 
 Skoda, 105, 
 Skoda, 120, 
 Skoda, 130, 
 Skoda, 135, 
 Skoda, Citigo, 
 Skoda, Fabia, 
 Skoda, Favorit, 
 Skoda, Felicia, 
 Skoda, Forman, 
 Skoda, Octavia, 
 Skoda, Pick-up, 
 Skoda, Praktik, 
 Skoda, Rapid, 
 Skoda, Roomster, 
 Skoda, Superb, 
 Skoda, Yeti, 
 Smart, Crossblade, 
 Smart, ForFour, 
 Smart, ForTwo, 
 Smart, Roadster, 
 speedART, , 
 Spyker, C8, 
 Spyker, C8 AILERON, 
 Spyker, C8 DOUBLE 12 S, 
 Spyker, C8 LAVIOLETTE SWB, 
 Spyker, C8 SPYDER SWB, 
 Ssangyong, Actyon, 
 Ssangyong, Family, 
 Ssangyong, Korando, 
 Ssangyong, Kyron, 
 Ssangyong, MUSSO, 
 Ssangyong, REXTON, 
 Ssangyong, Rodius, 
 Ssangyong, Tivoli, 
 Subaru, B9 Tribeca, 
 Subaru, Baja, 
 Subaru, BRZ, 
 Subaru, Forester, 
 Subaru, Impreza, 
 Subaru, Justy, 
 Subaru, Legacy, 
 Subaru, Libero, 
 Subaru, OUTBACK, 
 Subaru, SVX, 
 Subaru, Trezia, 
 Subaru, Tribeca, 
 Subaru, Vivio, 
 Subaru, XT, 
 Subaru, XV, 
 Suzuki, Alto, 
 Suzuki, Baleno, 
 Suzuki, Cappuccino, 
 Suzuki, Carry, 
 Suzuki, Celerio, 
 Suzuki, Grand Vitara, 
 Suzuki, Ignis, 
 Suzuki, Jimny, 
 Suzuki, Kizashi, 
 Suzuki, Liana, 
 Suzuki, LJ, 
 Suzuki, SJ Samurai, 
 Suzuki, Splash, 
 Suzuki, Super-Carry, 
 Suzuki, Swift, 
 Suzuki, SX4, 
 Suzuki, SX4 S-Cross, 
 Suzuki, Vitara, 
 Suzuki, Wagon R+, 
 Suzuki, X-90, 
 Talbot, Horizon, 
 Talbot, Samba, 
 Tata, Indica, 
 Tata, Indigo, 
 Tata, Nano, 
 Tata, Safari, 
 Tata, Sumo, 
 Tata, Telcoline, 
 Tata, Telcosport, 
 Tata, Xenon, 
 TECHART, , 
 Tesla, Model 3, 
 Tesla, Model S, 
 Tesla, Model X, 
 Tesla, Roadster, 
 Toyota, 4-Runner, 
 Toyota, Auris, 
 Toyota, Auris Touring Sports, 
 Toyota, Avalon, 
 Toyota, Avensis, 
 Toyota, Avensis Verso, 
 Toyota, Aygo, 
 Toyota, Camry, 
 Toyota, Carina, 
 Toyota, Celica, 
 Toyota, Corolla, 
 Toyota, Corolla Verso, 
 Toyota, Cressida, 
 Toyota, Crown, 
 Toyota, Dyna, 
 Toyota, FCV, 
 Toyota, FJ, 
 Toyota, GT86, 
 Toyota, Hiace, 
 Toyota, Highlander, 
 Toyota, Hilux, 
 Toyota, IQ, 
 Toyota, Land Cruiser, 
 Toyota, Lite-Ace, 
 Toyota, MR 2, 
 Toyota, Paseo, 
 Toyota, Picnic, 
 Toyota, Previa, 
 Toyota, Prius, 
 Toyota, Prius+, 
 Toyota, Proace, 
 Toyota, RAV 4, 
 Toyota, Sequoia, 
 Toyota, Sienna, 
 Toyota, Starlet, 
 Toyota, Supra, 
 Toyota, Tacoma, 
 Toyota, Tercel, 
 Toyota, Tundra, 
 Toyota, Urban Cruiser, 
 Toyota, Verso, 
 Toyota, Verso-S, 
 Toyota, Yaris, 
 Trabant, 601, 
 Triumph, Dolomite, 
 Triumph, Moss, 
 Triumph, Spitfire, 
 Triumph, TR3, 
 Triumph, TR4, 
 Triumph, TR5, 
 Triumph, TR6, 
 Triumph, TR7, 
 Triumph, TR8, 
 TVR, Chimaera, 
 TVR, Griffith, 
 TVR, Tuscan, 
 Volkswagen, 181, 
 Volkswagen, Amarok, 
 Volkswagen, Beetle, 
 Volkswagen, Bora, 
 Volkswagen, Buggy, 
 Volkswagen, Caddy, 
 Volkswagen, CC, 
 Volkswagen, Corrado, 
 Volkswagen, Crafter, 
 Volkswagen, Eos, 
 Volkswagen, Fox, 
 Volkswagen, Golf, Golf
 Volkswagen, Golf, Golf Plus
 Volkswagen, Golf, Golf Sportsvan
 Volkswagen, Iltis, 
 Volkswagen, Jetta, 
 Volkswagen, Karmann Ghia, 
 Volkswagen, KÃ¤fer, 
 Volkswagen, LT, 
 Volkswagen, Lupo, 
 Volkswagen, New Beetle, 
 Volkswagen, Passat, Passat
 Volkswagen, Passat, Passat CC
 Volkswagen, Phaeton, 
 Volkswagen, Polo, 
 Volkswagen, Routan, 
 Volkswagen, Santana, 
 Volkswagen, Scirocco, 
 Volkswagen, Sharan, 
 Volkswagen, T1, 
 Volkswagen, T2, 
 Volkswagen, T3, T3 Caravelle
 Volkswagen, T3, T3 Multivan
 Volkswagen, T3, T3 other
 Volkswagen, T3, T3 Kombi
 Volkswagen, T4, T4 California
 Volkswagen, T4, T4 Caravelle
 Volkswagen, T4, T4 Multivan
 Volkswagen, T4, T4 other
 Volkswagen, T4, T4 Kombi
 Volkswagen, T5, T5 California
 Volkswagen, T5, T5 Caravelle
 Volkswagen, T5, T5 Multivan
 Volkswagen, T5, T5 Shuttle
 Volkswagen, T5, T5 other
 Volkswagen, T5, T5 Kombi
 Volkswagen, T6, T6 California
 Volkswagen, T6, T6 Caravelle
 Volkswagen, T6, T6 Kombi
 Volkswagen, T6, T6 Multivan
 Volkswagen, T6, T6 other
 Volkswagen, Taro, 
 Volkswagen, Tiguan, 
 Volkswagen, Touareg, 
 Volkswagen, Touran, 
 Volkswagen, up!, 
 Volkswagen, Vento, 
 Volkswagen, XL1, 
 Volvo, 240, 
 Volvo, 244, 
 Volvo, 245, 
 Volvo, 262, 
 Volvo, 264, 
 Volvo, 340, 
 Volvo, 360, 
 Volvo, 440, 
 Volvo, 460, 
 Volvo, 480, 
 Volvo, 740, 
 Volvo, 744, 
 Volvo, 745, 
 Volvo, 760, 
 Volvo, 780, 
 Volvo, 850, 
 Volvo, 855, 
 Volvo, 940, 
 Volvo, 944, 
 Volvo, 945, 
 Volvo, 960, 
 Volvo, 965, 
 Volvo, Amazon, 
 Volvo, C30, 
 Volvo, C70, 
 Volvo, Polar, 
 Volvo, S40, 
 Volvo, S60, 
 Volvo, S70, 
 Volvo, S80, 
 Volvo, S90, 
 Volvo, V40, 
 Volvo, V40 CC, 
 Volvo, V50, 
 Volvo, V60, 
 Volvo, V70, 
 Volvo, V90, 
 Volvo, XC 60, 
 Volvo, XC 70, 
 Volvo, XC 90, 
 Wartburg, 311, 
 Wartburg, 353, 
 Westfield, , 
 Wiesmann, MF 25, 
 Wiesmann, MF 28, 
 Wiesmann, MF 3, 
 Wiesmann, MF 30, 
 Wiesmann, MF 35, 
 Wiesmann, MF 4, 
 Wiesmann, MF 5, ;
